Player Id,PLAYER_NAME,Season,Salary,SEASON_ID
1,Stephen Curry,2022/2023,48070014.0,2022-23
2,John Wall,2022/2023,47345760.0,2022-23
3,Russell Westbrook,2022/2023,47080179.0,2022-23
4,LeBron James,2022/2023,44474988.0,2022-23
5,Kevin Durant,2022/2023,44119845.0,2022-23
6,Bradley Beal,2022/2023,43279250.0,2022-23
7,Paul George,2022/2023,42492492.0,2022-23
7,Kawhi Leonard,2022/2023,42492492.0,2022-23
7,Giannis Antetokounmpo,2022/2023,42492492.0,2022-23
7,Damian Lillard,2022/2023,42492492.0,2022-23
11,Klay Thompson,2022/2023,40600080.0,2022-23
12,Kyrie Irving,2022/2023,38917057.0,2022-23
13,Rudy Gobert,2022/2023,38172414.0,2022-23
14,Khris Middleton,2022/2023,37984276.0,2022-23
15,Anthony Davis,2022/2023,37980720.0,2022-23
16,Jimmy Butler,2022/2023,37653300.0,2022-23
17,Tobias Harris,2022/2023,37633050.0,2022-23
18,Kemba Walker,2022/2023,37281261.0,2022-23
19,Trae Young,2022/2023,37096500.0,2022-23
19,Zach LaVine,2022/2023,37096500.0,2022-23
19,Luka Doncic,2022/2023,37096500.0,2022-23
22,Ben Simmons,2022/2023,35448672.0,2022-23
22,Pascal Siakam,2022/2023,35448672.0,2022-23
24,Myles Turner,2022/2023,35096500.0,2022-23
25,Jrue Holiday,2022/2023,34319520.0,2022-23
26,Karl-Anthony Towns,2022/2023,33833400.0,2022-23
26,Devin Booker,2022/2023,33833400.0,2022-23
26,Kristaps Porzingis,2022/2023,33833400.0,2022-23
29,Joel Embiid,2022/2023,33616770.0,2022-23
29,Andrew Wiggins,2022/2023,33616770.0,2022-23
31,CJ McCollum,2022/2023,33333333.0,2022-23
32,Nikola Jokic,2022/2023,33047803.0,2022-23
33,James Harden,2022/2023,33000000.0,2022-23
34,Jamal Murray,2022/2023,31650600.0,2022-23
34,Brandon Ingram,2022/2023,31650600.0,2022-23
36,D'Angelo Russell,2022/2023,31377750.0,2022-23
37,Michael Porter,2022/2023,30913750.0,2022-23
37,Shai Gilgeous-Alexander,2022/2023,30913750.0,2022-23
37,Donovan Mitchell,2022/2023,30913750.0,2022-23
37,Deandre Ayton,2022/2023,30913750.0,2022-23
41,Kevin Love,2022/2023,30556968.0,2022-23
42,Jayson Tatum,2022/2023,30351780.0,2022-23
42,Bam Adebayo,2022/2023,30351780.0,2022-23
42,De'Aaron Fox,2022/2023,30351780.0,2022-23
45,Gordon Hayward,2022/2023,30075000.0,2022-23
46,Jaylen Brown,2022/2023,29776785.0,2022-23
47,Jaren Jackson Jr,2022/2023,28946605.0,2022-23
48,Chris Paul,2022/2023,28400000.0,2022-23
49,Kyle Lowry,2022/2023,28333334.0,2022-23
50,Jalen Brunson,2022/2023,27733332.0,2022-23
51,DeMar DeRozan,2022/2023,27300000.0,2022-23
52,Al Horford,2022/2023,26500000.0,2022-23
53,Draymond Green,2022/2023,25806468.0,2022-23
54,Julius Randle,2022/2023,23760000.0,2022-23
55,John Collins,2022/2023,23500000.0,2022-23
56,Mike Conley,2022/2023,22680000.0,2022-23
57,Malcolm Brogdon,2022/2023,22600000.0,2022-23
58,Anfernee Simons,2022/2023,22321429.0,2022-23
59,Nikola Vucevic,2022/2023,22000000.0,2022-23
60,Terry Rozier,2022/2023,21486316.0,2022-23
61,Fred VanVleet,2022/2023,21250000.0,2022-23
62,Buddy Hield,2022/2023,21177750.0,2022-23
63,Domantas Sabonis,2022/2023,21100000.0,2022-23
64,Jerami Grant,2022/2023,20955000.0,2022-23
65,Mikal Bridges,2022/2023,20100000.0,2022-23
66,Jarrett Allen,2022/2023,20000000.0,2022-23
67,Nicolas Batum,2022/2023,19700319.0,2022-23
68,Aaron Gordon,2022/2023,19690909.0,2022-23
69,Tim Hardaway Jr,2022/2023,19602273.0,2022-23
70,Eric Gordon,2022/2023,19568360.0,2022-23
71,Bojan Bogdanovic,2022/2023,19550000.0,2022-23
72,Lonzo Ball,2022/2023,19534884.0,2022-23
73,Spencer Dinwiddie,2022/2023,19500000.0,2022-23
74,Danilo Gallinari,2022/2023,19479000.0,2022-23
75,Caris LeVert,2022/2023,18796296.0,2022-23
76,Joe Harris,2022/2023,18642857.0,2022-23
77,Harrison Barnes,2022/2023,18352273.0,2022-23
78,Clint Capela,2022/2023,18206896.0,2022-23
79,Evan Fournier,2022/2023,18000000.0,2022-23
79,Bogdan Bogdanovic,2022/2023,18000000.0,2022-23
81,Steven Adams,2022/2023,17926829.0,2022-23
82,Jonathan Isaac,2022/2023,17400000.0,2022-23
83,OG Anunoby,2022/2023,17357143.0,2022-23
84,Gary Trent Jr,2022/2023,17280000.0,2022-23
85,Marcus Smart,2022/2023,17207142.0,2022-23
86,Derrick White,2022/2023,17142857.0,2022-23
87,Dejounte Murray,2022/2023,17071120.0,2022-23
88,Mitchell Robinson,2022/2023,17045454.0,2022-23
89,Duncan Robinson,2022/2023,16902000.0,2022-23
90,Norman Powell,2022/2023,16758621.0,2022-23
91,Collin Sexton,2022/2023,16700000.0,2022-23
92,Markelle Fultz,2022/2023,16500000.0,2022-23
93,Lauri Markkanen,2022/2023,16475454.0,2022-23
94,Marcus Morris,2022/2023,16372093.0,2022-23
95,Davis Bertans,2022/2023,16000000.0,2022-23
96,Jusuf Nurkic,2022/2023,15625000.0,2022-23
97,Malik Beasley,2022/2023,15558035.0,2022-23
98,Luguentz Dort,2022/2023,15277778.0,2022-23
99,Will Barton,2022/2023,15059712.0,2022-23
100,Tyus Jones,2022/2023,15000000.0,2022-23
101,Jonas Valanciunas,2022/2023,14700000.0,2022-23
102,Derrick Rose,2022/2023,14520730.0,2022-23
103,Kevin Huerter,2022/2023,14508929.0,2022-23
104,Christian Wood,2022/2023,14317459.0,2022-23
105,Wendell Carter,2022/2023,14150000.0,2022-23
106,Kentavious Caldwell-Pope,2022/2023,14004703.0,2022-23
107,Brook Lopez,2022/2023,13906976.0,2022-23
108,Patrick Beverley,2022/2023,13801614.0,2022-23
109,Doug McDermott,2022/2023,13750000.0,2022-23
110,Luke Kennard,2022/2023,13745455.0,2022-23
111,Zion Williamson,2022/2023,13534817.0,2022-23
112,Jordan Clarkson,2022/2023,13340000.0,2022-23
113,Gary Harris,2022/2023,13000000.0,2022-23
113,Kyle Kuzma,2022/2023,13000000.0,2022-23
115,Josh Hart,2022/2023,12960000.0,2022-23
116,Dorian Finney-Smith,2022/2023,12939848.0,2022-23
117,Kelly Olynyk,2022/2023,12804878.0,2022-23
118,Chris Boucher,2022/2023,12690000.0,2022-23
119,Kelly Oubre,2022/2023,12600000.0,2022-23
120,Marvin Bagley,2022/2023,12500000.0,2022-23
121,Robert Covington,2022/2023,12307692.0,2022-23
122,Josh Richardson,2022/2023,12196094.0,2022-23
123,Ja Morant,2022/2023,12119440.0,2022-23
124,Danny Green,2022/2023,11710528.0,2022-23
125,Devonte Graham,2022/2023,11550000.0,2022-23
126,Terrence Ross,2022/2023,11500000.0,2022-23
127,Reggie Jackson,2022/2023,11457217.0,2022-23
128,Dillon Brooks,2022/2023,11400000.0,2022-23
129,Richaun Holmes,2022/2023,11215260.0,2022-23
130,Dwight Powell,2022/2023,11080125.0,2022-23
131,Paolo Banchero,2022/2023,11055120.0,2022-23
132,RJ Barrett,2022/2023,10900634.0,2022-23
133,Bobby Portis,2022/2023,10843350.0,2022-23
134,DeAndre Jordan,2022/2023,10733758.0,2022-23
135,Anthony Edwards,2022/2023,10733400.0,2022-23
136,Robert Williams,2022/2023,10714287.0,2022-23
137,Cade Cunningham,2022/2023,10552800.0,2022-23
138,PJ Tucker,2022/2023,10490000.0,2022-23
139,Derrick Favors,2022/2023,10350803.0,2022-23
140,Mo Bamba,2022/2023,10300000.0,2022-23
141,Talen Horton-Tucker,2022/2023,10260000.0,2022-23
142,Jae Crowder,2022/2023,10183800.0,2022-23
143,Ivica Zubac,2022/2023,10123457.0,2022-23
144,Reggie Bullock,2022/2023,10012800.0,2022-23
144,Alec Burks,2022/2023,10012800.0,2022-23
146,Chet Holmgren,2022/2023,9891240.0,2022-23
147,De'Andre Hunter,2022/2023,9835881.0,2022-23
148,Larry Nance Jr,2022/2023,9672727.0,2022-23
149,James Wiseman,2022/2023,9603360.0,2022-23
150,Landry Shamet,2022/2023,9500000.0,2022-23
151,Malik Monk,2022/2023,9472219.0,2022-23
152,Jalen Green,2022/2023,9441840.0,2022-23
153,Jakob Poeltl,2022/2023,9398148.0,2022-23
154,Nerlens Noel,2022/2023,9391069.0,2022-23
155,Nicolas Claxton,2022/2023,9350000.0,2022-23
156,Dario Saric,2022/2023,9240000.0,2022-23
157,Royce O'Neale,2022/2023,9200000.0,2022-23
158,Monte Morris,2022/2023,9125000.0,2022-23
159,Mason Plumlee,2022/2023,9080417.0,2022-23
160,Alex Caruso,2022/2023,9030000.0,2022-23
161,Maxi Kleber,2022/2023,9000000.0,2022-23
162,Grayson Allen,2022/2023,8925000.0,2022-23
163,Darius Garland,2022/2023,8920794.0,2022-23
164,Jabari Smith,2022/2023,8882640.0,2022-23
165,Isaiah Hartenstein,2022/2023,8854879.0,2022-23
166,Kyle Anderson,2022/2023,8780488.0,2022-23
167,Victor Oladipo,2022/2023,8750000.0,2022-23
168,Daniel Theis,2022/2023,8694369.0,2022-23
169,LaMelo Ball,2022/2023,8623920.0,2022-23
170,Seth Curry,2022/2023,8496653.0,2022-23
171,Evan Mobley,2022/2023,8478720.0,2022-23
172,Gary Payton II,2022/2023,8300000.0,2022-23
173,Dewayne Dedmon,2022/2023,8283688.0,2022-23
174,De'Anthony Melton,2022/2023,8250000.0,2022-23
175,JaMychal Green,2022/2023,8200000.0,2022-23
176,TJ McConnell,2022/2023,8100000.0,2022-23
177,Keegan Murray,2022/2023,8008440.0,2022-23
178,Kevon Looney,2022/2023,8000000.0,2022-23
178,Thaddeus Young,2022/2023,8000000.0,2022-23
180,Delon Wright,2022/2023,7804878.0,2022-23
181,Patrick Williams,2022/2023,7775400.0,2022-23
182,Scottie Barnes,2022/2023,7644600.0,2022-23
183,Cedi Osman,2022/2023,7426088.0,2022-23
184,Coby White,2022/2023,7413955.0,2022-23
185,Zach Collins,2022/2023,7350000.0,2022-23
186,Taurean Prince,2022/2023,7295000.0,2022-23
187,Jaden Ivey,2022/2023,7252200.0,2022-23
188,Jae'Sean Tate,2022/2023,7065217.0,2022-23
189,Isaac Okoro,2022/2023,7040880.0,2022-23
190,Cody Martin,2022/2023,7000000.0,2022-23
191,Jalen Suggs,2022/2023,6922320.0,2022-23
192,Jaxson Hayes,2022/2023,6803012.0,2022-23
193,Khem Birch,2022/2023,6667500.0,2022-23
194,Bennedict Mathurin,2022/2023,6586800.0,2022-23
195,Patrick Mills,2022/2023,6479000.0,2022-23
195,Bruce Brown,2022/2023,6479000.0,2022-23
195,Caleb Martin,2022/2023,6479000.0,2022-23
195,Lonnie Walker,2022/2023,6479000.0,2022-23
195,Joe Ingles,2022/2023,6479000.0,2022-23
200,Onyeka Okongwu,2022/2023,6395160.0,2022-23
201,Josh Giddey,2022/2023,6287400.0,2022-23
202,Rui Hachimura,2022/2023,6263188.0,2022-23
203,Rudy Gay,2022/2023,6184500.0,2022-23
204,Jevon Carter,2022/2023,6025000.0,2022-23
205,Shaedon Sharpe,2022/2023,6012960.0,2022-23
206,Cameron Payne,2022/2023,6000000.0,2022-23
206,Otto Porter,2022/2023,6000000.0,2022-23
208,Justin Holiday,2022/2023,5987975.0,2022-23
209,Cam Reddish,2022/2023,5954454.0,2022-23
210,Cameron Johnson,2022/2023,5887899.0,2022-23
211,Ricky Rubio,2022/2023,5853659.0,2022-23
212,Killian Hayes,2022/2023,5837760.0,2022-23
213,PJ Washington,2022/2023,5808435.0,2022-23
214,Jonathan Kuminga,2022/2023,5739840.0,2022-23
215,Pat Connaughton,2022/2023,5728393.0,2022-23
216,Tyler Herro,2022/2023,5722116.0,2022-23
217,Romeo Langford,2022/2023,5634257.0,2022-23
218,Dyson Daniels,2022/2023,5508600.0,2022-23
219,JaVale McGee,2022/2023,5461219.0,2022-23
220,Goga Bitadze,2022/2023,5377520.0,2022-23
221,Obi Toppin,2022/2023,5348280.0,2022-23
222,Franz Wagner,2022/2023,5258280.0,2022-23
223,Kendrick Nunn,2022/2023,5250000.0,2022-23
224,Hamidou Diallo,2022/2023,5200000.0,2022-23
225,Cory Joseph,2022/2023,5155500.0,2022-23
225,Garrett Temple,2022/2023,5155500.0,2022-23
227,Torrey Craig,2022/2023,5121951.0,2022-23
228,Jeremy Sochan,2022/2023,5063520.0,2022-23
229,David Nwaba,2022/2023,5022000.0,2022-23
230,Nickeil Alexander-Walker,2022/2023,5009633.0,2022-23
231,Furkan Korkmaz,2022/2023,5000000.0,2022-23
232,Deni Avdija,2022/2023,4916160.0,2022-23
233,Davion Mitchell,2022/2023,4833600.0,2022-23
234,Johnny Davis,2022/2023,4810320.0,2022-23
235,Ty Jerome,2022/2023,4728948.0,2022-23
236,Ishmael Smith,2022/2023,4725000.0,2022-23
237,Jalen Smith,2022/2023,4670160.0,2022-23
238,Ziaire Williams,2022/2023,4591680.0,2022-23
239,Ousmane Dieng,2022/2023,4569840.0,2022-23
240,Moe Harkless,2022/2023,4564980.0,2022-23
241,Donte DiVincenzo,2022/2023,4500000.0,2022-23
241,Jeff Green,2022/2023,4500000.0,2022-23
243,Devin Vassell,2022/2023,4437000.0,2022-23
244,Matisse Thybulle,2022/2023,4379526.0,2022-23
245,Jarred Vanderbilt,2022/2023,4374000.0,2022-23
246,James Bouknight,2022/2023,4362240.0,2022-23
247,Brandon Clarke,2022/2023,4343919.0,2022-23
248,Jalen Williams,2022/2023,4341480.0,2022-23
249,Grant Williams,2022/2023,4306281.0,2022-23
250,Darius Bazley,2022/2023,4264628.0,2022-23
251,Tyrese Haliburton,2022/2023,4215120.0,2022-23
252,Nassir Little,2022/2023,4171548.0,2022-23
253,Josh Primo,2022/2023,4144320.0,2022-23
254,Jalen Duren,2022/2023,4124280.0,2022-23
255,Gorgui Dieng,2022/2023,4105236.0,2022-23
256,Danuel House,2022/2023,4105000.0,2022-23
257,Boban Marjanovic,2022/2023,4101478.0,2022-23
258,Justise Winslow,2022/2023,4097561.0,2022-23
259,Dylan Windler,2022/2023,4037277.0,2022-23
260,Stanley Johnson,2022/2023,4022164.0,2022-23
261,Kira Lewis,2022/2023,4004280.0,2022-23
262,George Hill,2022/2023,4000000.0,2022-23
262,Terence Davis,2022/2023,4000000.0,2022-23
264,Chris Duarte,2022/2023,3936960.0,2022-23
265,Alex Len,2022/2023,3918600.0,2022-23
266,Ochai Agbaji,2022/2023,3918360.0,2022-23
267,Jordan Poole,2022/2023,3901399.0,2022-23
268,Keldon Johnson,2022/2023,3873024.0,2022-23
269,Sviatoslav Mykhailiuk,2022/2023,3846895.0,2022-23
270,James Johnson,2022/2023,3841067.0,2022-23
271,Aaron Nesmith,2022/2023,3804360.0,2022-23
272,Moses Moody,2022/2023,3740160.0,2022-23
273,Mark Williams,2022/2023,3722040.0,2022-23
274,Cole Anthony,2022/2023,3613680.0,2022-23
275,Corey Kispert,2022/2023,3552840.0,2022-23
276,AJ Griffin,2022/2023,3536160.0,2022-23
277,Goran Dragic,2022/2023,3523762.0,2022-23
278,Mike Muscala,2022/2023,3500000.0,2022-23
279,Georges Niang,2022/2023,3465000.0,2022-23
280,Isaiah Stewart,2022/2023,3433320.0,2022-23
280,Chuma Okeke,2022/2023,3433320.0,2022-23
282,Trey Burke,2022/2023,3423750.0,2022-23
283,Amir Coffey,2022/2023,3395062.0,2022-23
284,Alperen Sengun,2022/2023,3375360.0,2022-23
285,Tari Eason,2022/2023,3359160.0,2022-23
286,Aleksej Pokusevski,2022/2023,3261480.0,2022-23
287,Kevin Porter,2022/2023,3217631.0,2022-23
288,Trey Murphy,2022/2023,3206520.0,2022-23
289,Simone Fontecchio,2022/2023,3205128.0,2022-23
290,Andre Drummond,2022/2023,3200000.0,2022-23
290,Derrick Jones,2022/2023,3200000.0,2022-23
292,Dalen Terry,2022/2023,3191400.0,2022-23
293,Sterling Brown,2022/2023,3122602.0,2022-23
294,Josh Green,2022/2023,3098400.0,2022-23
295,Jake LaRavia,2022/2023,3047640.0,2022-23
296,Tre Mann,2022/2023,3046200.0,2022-23
297,Kevin Knox,2022/2023,3000000.0,2022-23
298,Saddiq Bey,2022/2023,2959080.0,2022-23
299,Malaki Branham,2022/2023,2925600.0,2022-23
300,Joe Wieskamp,2022/2023,2909261.0,2022-23
301,Kai Jones,2022/2023,2909040.0,2022-23
302,Blake Griffin,2022/2023,2905851.0,2022-23
302,Robin Lopez,2022/2023,2905851.0,2022-23
302,Markieff Morris,2022/2023,2905851.0,2022-23
302,Andre Iguodala,2022/2023,2905851.0,2022-23
302,Serge Ibaka,2022/2023,2905851.0,2022-23
302,Udonis Haslem,2022/2023,2905851.0,2022-23
302,Wesley Matthews,2022/2023,2905851.0,2022-23
302,Austin Rivers,2022/2023,2905851.0,2022-23
302,Bismack Biyombo,2022/2023,2905851.0,2022-23
302,Taj Gibson,2022/2023,2905851.0,2022-23
312,RJ Hampton,2022/2023,2898243.0,2022-23
313,Andrew Nicholson,2022/2023,2844429.0,2022-23
314,Precious Achiuwa,2022/2023,2840160.0,2022-23
315,Christian Braun,2022/2023,2808600.0,2022-23
316,Jordan Nwora,2022/2023,2800000.0,2022-23
317,Jalen Johnson,2022/2023,2792640.0,2022-23
318,Tyrese Maxey,2022/2023,2726880.0,2022-23
319,Bruno Fernando,2022/2023,2717391.0,2022-23
320,Walker Kessler,2022/2023,2696400.0,2022-23
321,Keon Johnson,2022/2023,2681040.0,2022-23
322,Charles Bassey,2022/2023,2674742.0,2022-23
323,Dennis Schroeder,2022/2023,2641682.0,2022-23
324,TJ Warren,2022/2023,2628597.0,2022-23
324,Matthew Dellavedova,2022/2023,2628597.0,2022-23
326,Trey Lyles,2022/2023,2625000.0,2022-23
327,Zeke Nnaji,2022/2023,2617800.0,2022-23
328,David Roddy,2022/2023,2588640.0,2022-23
329,Isaiah Jackson,2022/2023,2573760.0,2022-23
330,MarJon Beauchamp,2022/2023,2485200.0,2022-23
331,Usman Garuba,2022/2023,2471160.0,2022-23
332,Montrezl Harrell,2022/2023,2463490.0,2022-23
332,Raul Neto,2022/2023,2463490.0,2022-23
332,Frank Kaminsky,2022/2023,2463490.0,2022-23
335,Willy Hernangomez,2022/2023,2443581.0,2022-23
336,Theo Maledon,2022/2023,2408891.0,2022-23
337,Blake Wesley,2022/2023,2385480.0,2022-23
338,Josh Christopher,2022/2023,2372160.0,2022-23
339,Isaiah Roby,2022/2023,2330681.0,2022-23
340,Lindy Waters III,2022/2023,2316876.0,2022-23
341,Immanuel Quickley,2022/2023,2316240.0,2022-23
342,Wendell Moore,2022/2023,2306520.0,2022-23
343,John Konchar,2022/2023,2300000.0,2022-23
344,Damian Jones,2022/2023,2298385.0,2022-23
344,Rodney McGruder,2022/2023,2298385.0,2022-23
344,Bryn Forbes,2022/2023,2298385.0,2022-23
344,Juan Hernangomez,2022/2023,2298385.0,2022-23
348,Quentin Grimes,2022/2023,2277000.0,2022-23
349,Saben Lee,2022/2023,2266640.0,2022-23
350,Andrew Nembhard,2022/2023,2244111.0,2022-23
351,Nikola Jovic,2022/2023,2239920.0,2022-23
352,Payton Pritchard,2022/2023,2239200.0,2022-23
353,Vlatko Cancar,2022/2023,2234359.0,2022-23
354,Patrick Baldwin,2022/2023,2226000.0,2022-23
355,TyTy Washington,2022/2023,2210040.0,2022-23
356,Bones Hyland,2022/2023,2201520.0,2022-23
357,Bol Bol,2022/2023,2200000.0,2022-23
358,Peyton Watson,2022/2023,2193960.0,2022-23
359,Marquese Chriss,2022/2023,2193920.0,2022-23
360,Udoka Azubuike,2022/2023,2174880.0,2022-23
361,Jaden McDaniels,2022/2023,2161440.0,2022-23
362,Jordan McLaughlin,2022/2023,2160000.0,2022-23
363,Malachi Flynn,2022/2023,2145720.0,2022-23
364,Cam Thomas,2022/2023,2138160.0,2022-23
365,Luke Kornet,2022/2023,2133278.0,2022-23
365,Dennis Smith,2022/2023,2133278.0,2022-23
365,Damion Lee,2022/2023,2133278.0,2022-23
365,Juan Toscano-Anderson,2022/2023,2133278.0,2022-23
369,Desmond Bane,2022/2023,2130240.0,2022-23
370,Jaden Springer,2022/2023,2125200.0,2022-23
371,Day'Ron Sharpe,2022/2023,2109480.0,2022-23
372,Santiago Aldama,2022/2023,2094120.0,2022-23
373,Tony Bradley,2022/2023,2036318.0,2022-23
373,Frank Ntilikina,2022/2023,2036318.0,2022-23
375,Kenrich Williams,2022/2023,2000000.0,2022-23
375,Garrison Mathews,2022/2023,2000000.0,2022-23
375,Jaylin Williams,2022/2023,2000000.0,2022-23
375,Caleb Houstan,2022/2023,2000000.0,2022-23
375,Jeremiah Robinson-Earl,2022/2023,2000000.0,2022-23
380,Shake Milton,2022/2023,1997718.0,2022-23
381,Edmond Sumner,2022/2023,1968175.0,2022-23
381,Aaron Holiday,2022/2023,1968175.0,2022-23
381,Yuta Watanabe,2022/2023,1968175.0,2022-23
381,Theo Pinson,2022/2023,1968175.0,2022-23
381,Thomas Bryant,2022/2023,1968175.0,2022-23
381,Troy Brown,2022/2023,1968175.0,2022-23
381,Josh Okogie,2022/2023,1968175.0,2022-23
381,Drew Eubanks,2022/2023,1968175.0,2022-23
389,Daniel Gafford,2022/2023,1930681.0,2022-23
389,Terance Mann,2022/2023,1930681.0,2022-23
389,Dean Wade,2022/2023,1930681.0,2022-23
389,Jaylen Nowell,2022/2023,1930681.0,2022-23
389,Naz Reid,2022/2023,1930681.0,2022-23
389,Jalen McDaniels,2022/2023,1930681.0,2022-23
395,Chimezie Metu,2022/2023,1910860.0,2022-23
396,Davon Reed,2022/2023,1902133.0,2022-23
396,KZ Okpala,2022/2023,1902133.0,2022-23
398,Killian Tillie,2022/2023,1901625.0,2022-23
399,Vernon Carey,2022/2023,1882621.0,2022-23
400,Wenyen Gabriel,2022/2023,1878720.0,2022-23
400,Thanasis Antetokounmpo,2022/2023,1878720.0,2022-23
400,Moritz Wagner,2022/2023,1878720.0,2022-23
400,Keita Bates-Diop,2022/2023,1878720.0,2022-23
404,Oshae Brissett,2022/2023,1846738.0,2022-23
405,Isaiah Joe,2022/2023,1836090.0,2022-23
405,Anthony Gill,2022/2023,1836090.0,2022-23
405,Nathan Knight,2022/2023,1836090.0,2022-23
405,Justin Jackson,2022/2023,1836090.0,2022-23
405,Ryan Arcidiacono,2022/2023,1836090.0,2022-23
410,Javonte Green,2022/2023,1815677.0,2022-23
410,Max Strus,2022/2023,1815677.0,2022-23
410,Gabe Vincent,2022/2023,1815677.0,2022-23
413,Herb Jones,2022/2023,1785000.0,2022-23
414,KJ Martin,2022/2023,1782621.0,2022-23
414,Nick Richards,2022/2023,1782621.0,2022-23
414,Lamar Stevens,2022/2023,1782621.0,2022-23
414,Tyrell Terry,2022/2023,1782621.0,2022-23
414,Xavier Tillman,2022/2023,1782621.0,2022-23
414,Naji Marshall,2022/2023,1782621.0,2022-23
414,Paul Reed,2022/2023,1782621.0,2022-23
414,Tre Jones,2022/2023,1782621.0,2022-23
422,Haywood Highsmith,2022/2023,1752638.0,2022-23
422,Omer Yurtseven,2022/2023,1752638.0,2022-23
424,Leandro Bolmaro,2022/2023,1709300.0,2022-23
425,Terry Taylor,2022/2023,1703902.0,2022-23
426,Jared Butler,2022/2023,1674655.0,2022-23
427,Jericho Sims,2022/2023,1639842.0,2022-23
428,Sam Hauser,2022/2023,1637966.0,2022-23
428,Kessler Edwards,2022/2023,1637966.0,2022-23
430,Isaiah Todd,2022/2023,1575000.0,2022-23
431,Vit Krejci,2022/2023,1563518.0,2022-23
431,JT Thor,2022/2023,1563518.0,2022-23
431,Marko Simonovic,2022/2023,1563518.0,2022-23
431,BJ Boston,2022/2023,1563518.0,2022-23
431,Jason Preston,2022/2023,1563518.0,2022-23
431,Aaron Wiggins,2022/2023,1563518.0,2022-23
431,Trendon Watford,2022/2023,1563518.0,2022-23
431,Ayo Dosunmu,2022/2023,1563518.0,2022-23
431,Isaiah Livers,2022/2023,1563518.0,2022-23
431,Daishen Nix,2022/2023,1563518.0,2022-23
431,Austin Reaves,2022/2023,1563518.0,2022-23
431,Jose Alvarado,2022/2023,1563518.0,2022-23
431,Miles McBride,2022/2023,1563518.0,2022-23
431,Jock Landale,2022/2023,1563518.0,2022-23
431,Greg Brown,2022/2023,1563518.0,2022-23
431,Dalano Banton,2022/2023,1563518.0,2022-23
447,Kenneth Lofton,2022/2023,1505966.0,2022-23
448,Christian Koloko,2022/2023,1500000.0,2022-23
449,Bryce McGowens,2022/2023,1461055.0,2022-23
450,Eric Bledsoe,2022/2023,1300000.0,2022-23
451,Jordan Goodwin,2022/2023,1280206.0,2022-23
452,Kennedy Chandler,2022/2023,1200000.0,2022-23
453,Noah Vonleh,2022/2023,1160955.0,2022-23
454,Sandro Mamukelashvili,2022/2023,1116112.0,2022-23
455,Sam Merrill,2022/2023,1105522.0,2022-23
456,Zhaire Smith,2022/2023,1068200.0,2022-23
457,Tyrese Martin,2022/2023,1017781.0,2022-23
457,Jaden Hardy,2022/2023,1017781.0,2022-23
457,Ryan Rollins,2022/2023,1017781.0,2022-23
457,Max Christie,2022/2023,1017781.0,2022-23
457,Josh Minott,2022/2023,1017781.0,2022-23
457,Jabari Walker,2022/2023,1017781.0,2022-23
463,Eugene Omoruyi,2022/2023,1013119.0,2022-23
464,Kris Dunn,2022/2023,1000001.0,2022-23
465,Kyle Singler,2022/2023,999200.0,2022-23
466,Ishmail Wainright,2022/2023,980057.0,2022-23
467,Admiral Schofield,2022/2023,877940.0,2022-23
468,Justin Champagnie,2022/2023,853241.0,2022-23
469,Trevelin Queen,2022/2023,838891.0,2022-23
470,Moses Brown,2022/2023,824041.0,2022-23
471,Matt Ryan,2022/2023,806097.0,2022-23
472,DaQuan Jeffries,2022/2023,799403.0,2022-23
473,PJ Dozier,2022/2023,784654.0,2022-23
474,Cody Zeller,2022/2023,743922.0,2022-23
475,Meyers Leonard,2022/2023,713558.0,2022-23
476,Nik Stauskas,2022/2023,702311.0,2022-23
477,Anthony Lamb,2022/2023,694878.0,2022-23
478,Michael Carter-Williams,2022/2023,652829.0,2022-23
479,DJ Augustin,2022/2023,633938.0,2022-23
480,Duane Washington Jr,2022/2023,628802.0,2022-23
481,Carlik Jones,2022/2023,612162.0,2022-23
482,Juwan Morgan,2022/2023,576230.0,2022-23
483,Malik Fitts,2022/2023,555217.0,2022-23
484,Luka Samanic,2022/2023,538317.0,2022-23
485,David Duke,2022/2023,531283.0,2022-23
486,Trevor Keels,2022/2023,520589.0,2022-23
487,Dereon Seabron,2022/2023,511816.0,2022-23
488,Cole Swider,2022/2023,508891.0,2022-23
488,Vince Williams Jr,2022/2023,508891.0,2022-23
488,EJ Liddell,2022/2023,508891.0,2022-23
488,Kevon Harris,2022/2023,508891.0,2022-23
488,Micah Potter,2022/2023,508891.0,2022-23
488,Trent Forrest,2022/2023,508891.0,2022-23
488,JD Davison,2022/2023,508891.0,2022-23
488,Mfiondu Kabengele,2022/2023,508891.0,2022-23
488,Malcolm Hill,2022/2023,508891.0,2022-23
488,Mamadi Diakite,2022/2023,508891.0,2022-23
488,Isaiah Mobley,2022/2023,508891.0,2022-23
488,McKinley Wright,2022/2023,508891.0,2022-23
488,Collin Gillespie,2022/2023,508891.0,2022-23
488,Jack White,2022/2023,508891.0,2022-23
488,Buddy Boeheim,2022/2023,508891.0,2022-23
488,Darius Days,2022/2023,508891.0,2022-23
488,Trevor Hudgins,2022/2023,508891.0,2022-23
488,Kendall Brown,2022/2023,508891.0,2022-23
488,Moussa Diabate,2022/2023,508891.0,2022-23
488,Scottie Pippen Jr,2022/2023,508891.0,2022-23
488,Jamal Cain,2022/2023,508891.0,2022-23
488,AJ Green,2022/2023,508891.0,2022-23
488,Luka Garza,2022/2023,508891.0,2022-23
488,Keon Ellis,2022/2023,508891.0,2022-23
488,Neemias Queta,2022/2023,508891.0,2022-23
488,Dominick Barlow,2022/2023,508891.0,2022-23
488,Julian Champagnie,2022/2023,508891.0,2022-23
488,Jeff Dowtin,2022/2023,508891.0,2022-23
488,Ron Harper Jr,2022/2023,508891.0,2022-23
488,Johnny Juzang,2022/2023,508891.0,2022-23
518,John Butler,2022/2023,503041.0,2022-23
519,Chima Moneke,2022/2023,500000.0,2022-23
520,Facundo Campazzo,2022/2023,464299.0,2022-23
521,Orlando Robinson,2022/2023,386055.0,2022-23
522,Dru Smith,2022/2023,374357.0,2022-23
523,AJ Lawson,2022/2023,371432.0,2022-23
524,Jared Rhoden,2022/2023,307089.0,2022-23
524,Louis King,2022/2023,307089.0,2022-23
526,Robert Woodard,2022/2023,300000.0,2022-23
527,Didi Louzada,2022/2023,268032.0,2022-23
528,Jarrett Culver,2022/2023,260295.0,2022-23
529,Olivier Sarr,2022/2023,257371.0,2022-23
530,Alondes Williams,2022/2023,254446.0,2022-23
531,DJ Wilson,2022/2023,250000.0,2022-23
532,Donovan Williams,2022/2023,239822.0,2022-23
533,Quenton Jackson,2022/2023,219630.0,2022-23
534,Chris Silva,2022/2023,211045.0,2022-23
535,Tyler Dorsey,2022/2023,201802.0,2022-23
535,Braxton Key,2022/2023,201802.0,2022-23
537,Jordan Hall,2022/2023,193027.0,2022-23
538,Alize Johnson,2022/2023,192293.0,2022-23
539,Kostas Antetokounmpo,2022/2023,172555.0,2022-23
540,Devon Dotson,2022/2023,169630.0,2022-23
541,Mac McClung,2022/2023,160856.0,2022-23
542,Willie Cauley-Stein,2022/2023,155738.0,2022-23
543,Nate Darling,2022/2023,152082.0,2022-23
544,Xavier Cooks,2022/2023,140384.0,2022-23
544,Keaton Wallace,2022/2023,140384.0,2022-23
546,Shaquille Harrison,2022/2023,134862.0,2022-23
547,Feron Hunt,2022/2023,131610.0,2022-23
548,Lester Quinones,2022/2023,129405.0,2022-23
549,Troy Williams,2022/2023,122741.0,2022-23
550,Xavier Moon,2022/2023,116986.0,2022-23
550,Jamaree Bouyea,2022/2023,116986.0,2022-23
550,Jay Huff,2022/2023,116986.0,2022-23
553,Skylar Mays,2022/2023,116574.0,2022-23
554,Frank Jackson,2022/2023,113114.0,2022-23
555,Michael Foster,2022/2023,106288.0,2022-23
556,Deonte Burton,2022/2023,105522.0,2022-23
556,Jarrell Brantley,2022/2023,105522.0,2022-23
558,Xavier Sneed,2022/2023,102910.0,2022-23
559,Justin Lewis,2022/2023,102363.0,2022-23
560,Lindell Wigginton,2022/2023,99438.0,2022-23
561,Jordan Schakel,2022/2023,96514.0,2022-23
562,Demetrius Jackson,2022/2023,92857.0,2022-23
563,Stanley Umude,2022/2023,58493.0,2022-23
564,Jeenathan Williams,2022/2023,52644.0,2022-23
565,DJ Steward,2022/2023,50000.0,2022-23
565,Armoni Brooks,2022/2023,50000.0,2022-23
567,Jay Scrubb,2022/2023,49719.0,2022-23
568,Justin Minaya,2022/2023,35096.0,2022-23
569,Kobi Simmons,2022/2023,32795.0,2022-23
570,Gabe York,2022/2023,32171.0,2022-23
571,Ibou Badji,2022/2023,18226.0,2022-23
572,Tristan Thompson,2022/2023,16700.0,2022-23
573,RaiQuan Gray,2022/2023,5849.0,2022-23
573,Jacob Gilyard,2022/2023,5849.0,2022-23
1,Stephen Curry,2023/2024,51915615.0,2023-24
4,LeBron James,2023/2024,46698737.0,2023-24
5,Kevin Durant,2023/2024,47649433.0,2023-24
6,Bradley Beal,2023/2024,46741590.0,2023-24
7,Paul George,2023/2024,45640084.0,2023-24
7,Kawhi Leonard,2023/2024,45640084.0,2023-24
7,Giannis Antetokounmpo,2023/2024,45640084.0,2023-24
7,Damian Lillard,2023/2024,45640084.0,2023-24
11,Klay Thompson,2023/2024,43219440.0,2023-24
13,Rudy Gobert,2023/2024,41000000.0,2023-24
14,Khris Middleton,2023/2024,40396552.0,2023-24
15,Anthony Davis,2023/2024,40600080.0,2023-24
16,Jimmy Butler,2023/2024,45183960.0,2023-24
17,Tobias Harris,2023/2024,39270150.0,2023-24
19,Trae Young,2023/2024,40064220.0,2023-24
19,Zach LaVine,2023/2024,40064220.0,2023-24
19,Luka Doncic,2023/2024,40064220.0,2023-24
22,Ben Simmons,2023/2024,37893408.0,2023-24
22,Pascal Siakam,2023/2024,37893408.0,2023-24
24,Myles Turner,2023/2024,20975000.0,2023-24
25,Jrue Holiday,2023/2024,36861707.0,2023-24
26,Karl-Anthony Towns,2023/2024,36016200.0,2023-24
26,Devin Booker,2023/2024,36016200.0,2023-24
26,Kristaps Porzingis,2023/2024,36016200.0,2023-24
29,Joel Embiid,2023/2024,46900000.0,2023-24
29,Andrew Wiggins,2023/2024,24330357.0,2023-24
31,CJ McCollum,2023/2024,35802469.0,2023-24
32,Nikola Jokic,2023/2024,46550000.0,2023-24
33,James Harden,2023/2024,35640000.0,2023-24
34,Jamal Murray,2023/2024,33833400.0,2023-24
34,Brandon Ingram,2023/2024,33833400.0,2023-24
37,Michael Porter,2023/2024,33386850.0,2023-24
37,Shai Gilgeous-Alexander,2023/2024,33386850.0,2023-24
37,Donovan Mitchell,2023/2024,33162030.0,2023-24
37,Deandre Ayton,2023/2024,32459438.0,2023-24
42,Jayson Tatum,2023/2024,32600060.0,2023-24
42,Bam Adebayo,2023/2024,32600060.0,2023-24
42,De'Aaron Fox,2023/2024,32600060.0,2023-24
45,Gordon Hayward,2023/2024,31500000.0,2023-24
46,Jaylen Brown,2023/2024,31830357.0,2023-24
47,Jaren Jackson Jr,2023/2024,27102202.0,2023-24
48,Chris Paul,2023/2024,30800000.0,2023-24
49,Kyle Lowry,2023/2024,29682540.0,2023-24
50,Jalen Brunson,2023/2024,26346666.0,2023-24
51,DeMar DeRozan,2023/2024,28600000.0,2023-24
52,Al Horford,2023/2024,10000000.0,2023-24
53,Draymond Green,2023/2024,27586224.0,2023-24
54,Julius Randle,2023/2024,25660800.0,2023-24
55,John Collins,2023/2024,25340000.0,2023-24
56,Mike Conley,2023/2024,24360000.0,2023-24
57,Malcolm Brogdon,2023/2024,22500000.0,2023-24
58,Anfernee Simons,2023/2024,24107143.0,2023-24
60,Terry Rozier,2023/2024,23205221.0,2023-24
61,Fred VanVleet,2023/2024,22824074.0,2023-24
62,Buddy Hield,2023/2024,19279841.0,2023-24
63,Domantas Sabonis,2023/2024,22000000.0,2023-24
65,Mikal Bridges,2023/2024,21700000.0,2023-24
66,Jarrett Allen,2023/2024,20000000.0,2023-24
67,Nicolas Batum,2023/2024,11710818.0,2023-24
68,Aaron Gordon,2023/2024,21266182.0,2023-24
69,Tim Hardaway Jr,2023/2024,17897728.0,2023-24
70,Eric Gordon,2023/2024,20917902.0,2023-24
71,Bojan Bogdanovic,2023/2024,20000000.0,2023-24
72,Lonzo Ball,2023/2024,20465117.0,2023-24
73,Spencer Dinwiddie,2023/2024,20357143.0,2023-24
74,Danilo Gallinari,2023/2024,6802950.0,2023-24
76,Joe Harris,2023/2024,19928571.0,2023-24
78,Clint Capela,2023/2024,20616000.0,2023-24
79,Evan Fournier,2023/2024,18857143.0,2023-24
79,Bogdan Bogdanovic,2023/2024,18700000.0,2023-24
81,Steven Adams,2023/2024,12600000.0,2023-24
82,Jonathan Isaac,2023/2024,17400000.0,2023-24
83,OG Anunoby,2023/2024,18642857.0,2023-24
84,Gary Trent Jr,2023/2024,18560000.0,2023-24
85,Marcus Smart,2023/2024,18583713.0,2023-24
86,Derrick White,2023/2024,18357143.0,2023-24
87,Dejounte Murray,2023/2024,18214000.0,2023-24
88,Mitchell Robinson,2023/2024,15681818.0,2023-24
89,Duncan Robinson,2023/2024,18154000.0,2023-24
90,Norman Powell,2023/2024,18000000.0,2023-24
91,Collin Sexton,2023/2024,17325000.0,2023-24
92,Markelle Fultz,2023/2024,17000000.0,2023-24
93,Lauri Markkanen,2023/2024,17259999.0,2023-24
94,Marcus Morris,2023/2024,17116279.0,2023-24
95,Davis Bertans,2023/2024,17000000.0,2023-24
96,Jusuf Nurkic,2023/2024,16875000.0,2023-24
97,Malik Beasley,2023/2024,16524106.0,2023-24
98,Luguentz Dort,2023/2024,15277778.0,2023-24
100,Tyus Jones,2023/2024,14000000.0,2023-24
101,Jonas Valanciunas,2023/2024,15435000.0,2023-24
102,Derrick Rose,2023/2024,15596339.0,2023-24
103,Kevin Huerter,2023/2024,15669643.0,2023-24
105,Wendell Carter,2023/2024,13050000.0,2023-24
106,Kentavious Caldwell-Pope,2023/2024,14704938.0,2023-24
109,Doug McDermott,2023/2024,13750000.0,2023-24
110,Luke Kennard,2023/2024,14763636.0,2023-24
111,Zion Williamson,2023/2024,33500000.0,2023-24
112,Jordan Clarkson,2023/2024,14260000.0,2023-24
113,Gary Harris,2023/2024,13000000.0,2023-24
113,Kyle Kuzma,2023/2024,13000000.0,2023-24
115,Josh Hart,2023/2024,12960000.0,2023-24
116,Dorian Finney-Smith,2023/2024,13932008.0,2023-24
117,Kelly Olynyk,2023/2024,12195122.0,2023-24
118,Chris Boucher,2023/2024,11750000.0,2023-24
120,Marvin Bagley,2023/2024,12500000.0,2023-24
121,Robert Covington,2023/2024,11692308.0,2023-24
123,Ja Morant,2023/2024,33500000.0,2023-24
125,Devonte Graham,2023/2024,12100000.0,2023-24
129,Richaun Holmes,2023/2024,12046020.0,2023-24
131,Paolo Banchero,2023/2024,11608080.0,2023-24
132,RJ Barrett,2023/2024,23883929.0,2023-24
133,Bobby Portis,2023/2024,11710818.0,2023-24
135,Anthony Edwards,2023/2024,13534817.0,2023-24
136,Robert Williams,2023/2024,11571429.0,2023-24
137,Cade Cunningham,2023/2024,11055360.0,2023-24
138,PJ Tucker,2023/2024,11014500.0,2023-24
140,Mo Bamba,2023/2024,10300000.0,2023-24
141,Talen Horton-Tucker,2023/2024,11020000.0,2023-24
143,Ivica Zubac,2023/2024,10933333.0,2023-24
144,Reggie Bullock,2023/2024,10489600.0,2023-24
144,Alec Burks,2023/2024,10489600.0,2023-24
146,Chet Holmgren,2023/2024,10386000.0,2023-24
147,De'Andre Hunter,2023/2024,20089286.0,2023-24
148,Larry Nance Jr,2023/2024,10375000.0,2023-24
149,James Wiseman,2023/2024,12119440.0,2023-24
150,Landry Shamet,2023/2024,10250000.0,2023-24
151,Malik Monk,2023/2024,9945830.0,2023-24
152,Jalen Green,2023/2024,9891480.0,2023-24
155,Nicolas Claxton,2023/2024,9625000.0,2023-24
157,Royce O'Neale,2023/2024,9500000.0,2023-24
158,Monte Morris,2023/2024,9800926.0,2023-24
160,Alex Caruso,2023/2024,9460000.0,2023-24
161,Maxi Kleber,2023/2024,11000000.0,2023-24
162,Grayson Allen,2023/2024,8925000.0,2023-24
163,Darius Garland,2023/2024,33500000.0,2023-24
164,Jabari Smith,2023/2024,9326520.0,2023-24
165,Isaiah Hartenstein,2023/2024,9245121.0,2023-24
166,Kyle Anderson,2023/2024,9219512.0,2023-24
167,Victor Oladipo,2023/2024,9450000.0,2023-24
168,Daniel Theis,2023/2024,9108386.0,2023-24
169,LaMelo Ball,2023/2024,10900635.0,2023-24
171,Evan Mobley,2023/2024,8882640.0,2023-24
172,Gary Payton II,2023/2024,8715000.0,2023-24
173,Dewayne Dedmon,2023/2024,2748674.0,2023-24
174,De'Anthony Melton,2023/2024,8000000.0,2023-24
176,TJ McConnell,2023/2024,8700000.0,2023-24
177,Keegan Murray,2023/2024,8409000.0,2023-24
178,Kevon Looney,2023/2024,8500000.0,2023-24
178,Thaddeus Young,2023/2024,8000000.0,2023-24
180,Delon Wright,2023/2024,8195122.0,2023-24
181,Patrick Williams,2023/2024,9835881.0,2023-24
182,Scottie Barnes,2023/2024,8008680.0,2023-24
183,Cedi Osman,2023/2024,6718842.0,2023-24
184,Coby White,2023/2024,9942113.0,2023-24
185,Zach Collins,2023/2024,7700000.0,2023-24
186,Taurean Prince,2023/2024,7650000.0,2023-24
187,Jaden Ivey,2023/2024,7614480.0,2023-24
188,Jae'Sean Tate,2023/2024,6500000.0,2023-24
189,Isaac Okoro,2023/2024,8920794.0,2023-24
190,Cody Martin,2023/2024,7560000.0,2023-24
191,Jalen Suggs,2023/2024,7252080.0,2023-24
192,Jaxson Hayes,2023/2024,9170460.0,2023-24
193,Khem Birch,2023/2024,6985000.0,2023-24
194,Bennedict Mathurin,2023/2024,6916080.0,2023-24
195,Patrick Mills,2023/2024,6802950.0,2023-24
195,Bruce Brown,2023/2024,6802950.0,2023-24
195,Caleb Martin,2023/2024,6802950.0,2023-24
200,Onyeka Okongwu,2023/2024,8109063.0,2023-24
201,Josh Giddey,2023/2024,6587040.0,2023-24
202,Rui Hachimura,2023/2024,8486619.0,2023-24
203,Rudy Gay,2023/2024,6479000.0,2023-24
204,Jevon Carter,2023/2024,2239943.0,2023-24
205,Shaedon Sharpe,2023/2024,6313800.0,2023-24
206,Cameron Payne,2023/2024,6500000.0,2023-24
206,Otto Porter,2023/2024,6300000.0,2023-24
209,Cam Reddish,2023/2024,8109966.0,2023-24
210,Cameron Johnson,2023/2024,8060533.0,2023-24
211,Ricky Rubio,2023/2024,6146342.0,2023-24
212,Killian Hayes,2023/2024,7413955.0,2023-24
213,PJ Washington,2023/2024,7992407.0,2023-24
214,Jonathan Kuminga,2023/2024,6012840.0,2023-24
215,Pat Connaughton,2023/2024,9423869.0,2023-24
216,Tyler Herro,2023/2024,27000000.0,2023-24
217,Romeo Langford,2023/2024,7837251.0,2023-24
218,Dyson Daniels,2023/2024,5784120.0,2023-24
219,JaVale McGee,2023/2024,5734280.0,2023-24
220,Goga Bitadze,2023/2024,2066585.0,2023-24
221,Obi Toppin,2023/2024,6803012.0,2023-24
222,Franz Wagner,2023/2024,5508720.0,2023-24
225,Garrett Temple,2023/2024,5401000.0,2023-24
228,Jeremy Sochan,2023/2024,5316960.0,2023-24
229,David Nwaba,2023/2024,5394000.0,2023-24
230,Nickeil Alexander-Walker,2023/2024,7073602.0,2023-24
231,Furkan Korkmaz,2023/2024,5370370.0,2023-24
232,Deni Avdija,2023/2024,6263188.0,2023-24
233,Davion Mitchell,2023/2024,5063640.0,2023-24
234,Johnny Davis,2023/2024,5050800.0,2023-24
235,Ty Jerome,2023/2024,1761752.0,2023-24
237,Jalen Smith,2023/2024,5043773.0,2023-24
238,Ziaire Williams,2023/2024,4810200.0,2023-24
239,Ousmane Dieng,2023/2024,4798440.0,2023-24
241,Donte DiVincenzo,2023/2024,4725000.0,2023-24
243,Devin Vassell,2023/2024,5887899.0,2023-24
244,Matisse Thybulle,2023/2024,6275861.0,2023-24
245,Jarred Vanderbilt,2023/2024,4698000.0,2023-24
246,James Bouknight,2023/2024,4570080.0,2023-24
247,Brandon Clarke,2023/2024,12500000.0,2023-24
248,Jalen Williams,2023/2024,4558680.0,2023-24
249,Grant Williams,2023/2024,6235494.0,2023-24
250,Darius Bazley,2023/2024,6205035.0,2023-24
251,Tyrese Haliburton,2023/2024,5808435.0,2023-24
252,Nassir Little,2023/2024,6250000.0,2023-24
253,Josh Primo,2023/2024,4341600.0,2023-24
254,Jalen Duren,2023/2024,4330680.0,2023-24
256,Danuel House,2023/2024,4310250.0,2023-24
259,Dylan Windler,2023/2024,5959021.0,2023-24
261,Kira Lewis,2023/2024,5722116.0,2023-24
264,Chris Duarte,2023/2024,4124400.0,2023-24
266,Ochai Agbaji,2023/2024,4114200.0,2023-24
267,Jordan Poole,2023/2024,27955357.0,2023-24
268,Keldon Johnson,2023/2024,20000000.0,2023-24
271,Aaron Nesmith,2023/2024,5634257.0,2023-24
272,Moses Moody,2023/2024,3918480.0,2023-24
273,Mark Williams,2023/2024,3908160.0,2023-24
274,Cole Anthony,2023/2024,5539771.0,2023-24
275,Corey Kispert,2023/2024,3722040.0,2023-24
276,AJ Griffin,2023/2024,3712920.0,2023-24
278,Mike Muscala,2023/2024,3500000.0,2023-24
280,Isaiah Stewart,2023/2024,5266713.0,2023-24
280,Chuma Okeke,2023/2024,5266712.0,2023-24
283,Amir Coffey,2023/2024,3666667.0,2023-24
284,Alperen Sengun,2023/2024,3536280.0,2023-24
285,Tari Eason,2023/2024,3527160.0,2023-24
286,Aleksej Pokusevski,2023/2024,5009633.0,2023-24
287,Kevin Porter,2023/2024,15860000.0,2023-24
288,Trey Murphy,2023/2024,3359280.0,2023-24
289,Simone Fontecchio,2023/2024,3044872.0,2023-24
290,Andre Drummond,2023/2024,3360000.0,2023-24
290,Derrick Jones,2023/2024,3360000.0,2023-24
292,Dalen Terry,2023/2024,3350760.0,2023-24
294,Josh Green,2023/2024,4765339.0,2023-24
295,Jake LaRavia,2023/2024,3199920.0,2023-24
296,Tre Mann,2023/2024,3191400.0,2023-24
297,Kevin Knox,2023/2024,3000000.0,2023-24
298,Saddiq Bey,2023/2024,4556983.0,2023-24
299,Malaki Branham,2023/2024,3071880.0,2023-24
300,Joe Wieskamp,2023/2024,1927896.0,2023-24
301,Kai Jones,2023/2024,3047880.0,2023-24
312,RJ Hampton,2023/2024,1927896.0,2023-24
313,Andrew Nicholson,2023/2024,2844429.0,2023-24
314,Precious Achiuwa,2023/2024,4379526.0,2023-24
315,Christian Braun,2023/2024,2949120.0,2023-24
316,Jordan Nwora,2023/2024,3000000.0,2023-24
317,Jalen Johnson,2023/2024,2925360.0,2023-24
318,Tyrese Maxey,2023/2024,4343920.0,2023-24
319,Bruno Fernando,2023/2024,2581522.0,2023-24
320,Walker Kessler,2023/2024,2831160.0,2023-24
321,Keon Johnson,2023/2024,2808720.0,2023-24
322,Charles Bassey,2023/2024,2600000.0,2023-24
327,Zeke Nnaji,2023/2024,4306281.0,2023-24
328,David Roddy,2023/2024,2718240.0,2023-24
329,Isaiah Jackson,2023/2024,2696280.0,2023-24
330,MarJon Beauchamp,2023/2024,2609400.0,2023-24
331,Usman Garuba,2023/2024,2588400.0,2023-24
332,Montrezl Harrell,2023/2024,2760026.0,2023-24
335,Willy Hernangomez,2023/2024,2559942.0,2023-24
336,Theo Maledon,2023/2024,1761752.0,2023-24
337,Blake Wesley,2023/2024,2504640.0,2023-24
338,Josh Christopher,2023/2024,2485200.0,2023-24
339,Isaiah Roby,2023/2024,2066585.0,2023-24
340,Lindy Waters III,2023/2024,1927896.0,2023-24
341,Immanuel Quickley,2023/2024,4171548.0,2023-24
342,Wendell Moore,2023/2024,2421720.0,2023-24
343,John Konchar,2023/2024,2400000.0,2023-24
344,Damian Jones,2023/2024,2586665.0,2023-24
348,Quentin Grimes,2023/2024,2385720.0,2023-24
349,Saben Lee,2023/2024,1761752.0,2023-24
350,Andrew Nembhard,2023/2024,2131905.0,2023-24
351,Nikola Jovic,2023/2024,2352000.0,2023-24
352,Payton Pritchard,2023/2024,4037277.0,2023-24
353,Vlatko Cancar,2023/2024,2234359.0,2023-24
354,Patrick Baldwin,2023/2024,2337720.0,2023-24
355,TyTy Washington,2023/2024,2320440.0,2023-24
356,Bones Hyland,2023/2024,2306400.0,2023-24
357,Bol Bol,2023/2024,2200000.0,2023-24
358,Peyton Watson,2023/2024,2303520.0,2023-24
361,Jaden McDaniels,2023/2024,3901399.0,2023-24
362,Jordan McLaughlin,2023/2024,2320000.0,2023-24
363,Malachi Flynn,2023/2024,3873024.0,2023-24
364,Cam Thomas,2023/2024,2240160.0,2023-24
365,Luke Kornet,2023/2024,2413304.0,2023-24
369,Desmond Bane,2023/2024,3845083.0,2023-24
370,Jaden Springer,2023/2024,2226240.0,2023-24
371,Day'Ron Sharpe,2023/2024,2210040.0,2023-24
372,Santiago Aldama,2023/2024,2194200.0,2023-24
375,Kenrich Williams,2023/2024,6175000.0,2023-24
375,Garrison Mathews,2023/2024,2000000.0,2023-24
375,Jaylin Williams,2023/2024,2000000.0,2023-24
375,Caleb Houstan,2023/2024,2000000.0,2023-24
375,Jeremiah Robinson-Earl,2023/2024,1900000.0,2023-24
381,Edmond Sumner,2023/2024,2239943.0,2023-24
389,Daniel Gafford,2023/2024,12402000.0,2023-24
389,Terance Mann,2023/2024,10576923.0,2023-24
389,Dean Wade,2023/2024,5709877.0,2023-24
399,Vernon Carey,2023/2024,1997238.0,2023-24
405,Isaiah Joe,2023/2024,1997238.0,2023-24
405,Anthony Gill,2023/2024,1997238.0,2023-24
405,Nathan Knight,2023/2024,1997238.0,2023-24
413,Herb Jones,2023/2024,1836096.0,2023-24
414,KJ Martin,2023/2024,1930681.0,2023-24
414,Nick Richards,2023/2024,5000000.0,2023-24
414,Lamar Stevens,2023/2024,1930681.0,2023-24
414,Xavier Tillman,2023/2024,1930681.0,2023-24
414,Naji Marshall,2023/2024,1930681.0,2023-24
422,Haywood Highsmith,2023/2024,1902137.0,2023-24
427,Jericho Sims,2023/2024,1927896.0,2023-24
428,Sam Hauser,2023/2024,1927896.0,2023-24
428,Kessler Edwards,2023/2024,1927896.0,2023-24
430,Isaiah Todd,2023/2024,1836096.0,2023-24
431,Vit Krejci,2023/2024,1836096.0,2023-24
431,JT Thor,2023/2024,1836096.0,2023-24
431,Marko Simonovic,2023/2024,1836096.0,2023-24
431,BJ Boston,2023/2024,1836096.0,2023-24
431,Jason Preston,2023/2024,1836096.0,2023-24
431,Aaron Wiggins,2023/2024,1836096.0,2023-24
431,Trendon Watford,2023/2024,1836096.0,2023-24
431,Isaiah Livers,2023/2024,1836096.0,2023-24
431,Daishen Nix,2023/2024,1836096.0,2023-24
431,Jose Alvarado,2023/2024,1836096.0,2023-24
431,Miles McBride,2023/2024,1836096.0,2023-24
447,Kenneth Lofton,2023/2024,1719864.0,2023-24
448,Christian Koloko,2023/2024,1719864.0,2023-24
449,Bryce McGowens,2023/2024,1719864.0,2023-24
450,Eric Bledsoe,2023/2024,1300000.0,2023-24
451,Jordan Goodwin,2023/2024,1927896.0,2023-24
452,Kennedy Chandler,2023/2024,1719864.0,2023-24
455,Sam Merrill,2023/2024,1997238.0,2023-24
457,Tyrese Martin,2023/2024,1719864.0,2023-24
457,Jaden Hardy,2023/2024,1719864.0,2023-24
457,Ryan Rollins,2023/2024,1719864.0,2023-24
457,Max Christie,2023/2024,1719864.0,2023-24
457,Josh Minott,2023/2024,1719864.0,2023-24
457,Jabari Walker,2023/2024,1719864.0,2023-24
463,Eugene Omoruyi,2023/2024,1927896.0,2023-24
464,Kris Dunn,2023/2024,2586484.0,2023-24
466,Ishmail Wainright,2023/2024,1927896.0,2023-24
467,Admiral Schofield,2023/2024,1997238.0,2023-24
468,Justin Champagnie,2023/2024,1927896.0,2023-24
471,Matt Ryan,2023/2024,1761752.0,2023-24
472,DaQuan Jeffries,2023/2024,2066585.0,2023-24
473,PJ Dozier,2023/2024,2413304.0,2023-24
476,Nik Stauskas,2023/2024,702311.0,2023-24
477,Anthony Lamb,2023/2024,1761752.0,2023-24
478,Michael Carter-Williams,2023/2024,3051144.0,2023-24
481,Carlik Jones,2023/2024,1927896.0,2023-24
482,Juwan Morgan,2023/2024,576230.0,2023-24
483,Malik Fitts,2023/2024,555217.0,2023-24
484,Luka Samanic,2023/2024,2066585.0,2023-24
485,David Duke,2023/2024,1761752.0,2023-24
487,Dereon Seabron,2023/2024,547349.0,2023-24
488,Cole Swider,2023/2024,547349.0,2023-24
488,Vince Williams Jr,2023/2024,547349.0,2023-24
488,EJ Liddell,2023/2024,547349.0,2023-24
488,Kevon Harris,2023/2024,547349.0,2023-24
488,Micah Potter,2023/2024,547349.0,2023-24
488,Trent Forrest,2023/2024,1761752.0,2023-24
488,JD Davison,2023/2024,1761752.0,2023-24
488,Mfiondu Kabengele,2023/2024,1761752.0,2023-24
488,Mamadi Diakite,2023/2024,1761752.0,2023-24
488,Isaiah Mobley,2023/2024,1761752.0,2023-24
488,McKinley Wright,2023/2024,1761752.0,2023-24
488,Collin Gillespie,2023/2024,1761752.0,2023-24
488,Jack White,2023/2024,1761752.0,2023-24
488,Buddy Boeheim,2023/2024,1761752.0,2023-24
488,Darius Days,2023/2024,1761752.0,2023-24
488,Trevor Hudgins,2023/2024,1761752.0,2023-24
488,Kendall Brown,2023/2024,1761752.0,2023-24
488,Moussa Diabate,2023/2024,1761752.0,2023-24
488,Scottie Pippen Jr,2023/2024,1761752.0,2023-24
488,Jamal Cain,2023/2024,1761752.0,2023-24
488,AJ Green,2023/2024,1761752.0,2023-24
488,Luka Garza,2023/2024,1761752.0,2023-24
488,Keon Ellis,2023/2024,1761752.0,2023-24
488,Neemias Queta,2023/2024,1761752.0,2023-24
488,Dominick Barlow,2023/2024,1761752.0,2023-24
488,Julian Champagnie,2023/2024,1761752.0,2023-24
488,Jeff Dowtin,2023/2024,1761752.0,2023-24
488,Ron Harper Jr,2023/2024,1761752.0,2023-24
488,Johnny Juzang,2023/2024,1761752.0,2023-24
518,John Butler,2023/2024,1761752.0,2023-24
521,Orlando Robinson,2023/2024,1761752.0,2023-24
523,AJ Lawson,2023/2024,1761752.0,2023-24
524,Jared Rhoden,2023/2024,1761752.0,2023-24
524,Louis King,2023/2024,1761752.0,2023-24
527,Didi Louzada,2023/2024,268032.0,2023-24
532,Donovan Williams,2023/2024,1761752.0,2023-24
533,Quenton Jackson,2023/2024,547349.0,2023-24
541,Mac McClung,2023/2024,1761752.0,2023-24
544,Xavier Cooks,2023/2024,1719864.0,2023-24
546,Shaquille Harrison,2023/2024,2413304.0,2023-24
558,Xavier Sneed,2023/2024,547349.0,2023-24
560,Lindell Wigginton,2023/2024,547349.0,2023-24
562,Demetrius Jackson,2023/2024,92857.0,2023-24
564,Jeenathan Williams,2023/2024,1719864.0,2023-24
567,Jay Scrubb,2023/2024,547349.0,2023-24
569,Kobi Simmons,2023/2024,2066585.0,2023-24
571,Ibou Badji,2023/2024,1761752.0,2023-24
573,RaiQuan Gray,2023/2024,547349.0,2023-24
573,Jacob Gilyard,2023/2024,547349.0,2023-24
1,Stephen Curry,2024/2025,55761217.0,2024-25
4,LeBron James,2024/2025,50434636.0,2024-25
5,Kevin Durant,2024/2025,51179020.0,2024-25
6,Bradley Beal,2024/2025,50203930.0,2024-25
7,Paul George,2024/2025,48787676.0,2024-25
7,Kawhi Leonard,2024/2025,48787676.0,2024-25
7,Giannis Antetokounmpo,2024/2025,48787676.0,2024-25
7,Damian Lillard,2024/2025,48787676.0,2024-25
13,Rudy Gobert,2024/2025,43827586.0,2024-25
15,Anthony Davis,2024/2025,43219440.0,2024-25
16,Jimmy Butler,2024/2025,48798677.0,2024-25
19,Trae Young,2024/2025,43031940.0,2024-25
19,Zach LaVine,2024/2025,43031940.0,2024-25
19,Luka Doncic,2024/2025,43031940.0,2024-25
22,Ben Simmons,2024/2025,40338144.0,2024-25
24,Myles Turner,2024/2025,19928500.0,2024-25
25,Jrue Holiday,2024/2025,39403894.0,2024-25
26,Karl-Anthony Towns,2024/2025,50050000.0,2024-25
26,Devin Booker,2024/2025,50050000.0,2024-25
29,Joel Embiid,2024/2025,50652000.0,2024-25
29,Andrew Wiggins,2024/2025,26276786.0,2024-25
31,CJ McCollum,2024/2025,33333333.0,2024-25
32,Nikola Jokic,2024/2025,50274000.0,2024-25
34,Jamal Murray,2024/2025,36016200.0,2024-25
34,Brandon Ingram,2024/2025,36016200.0,2024-25
37,Michael Porter,2024/2025,35859950.0,2024-25
37,Shai Gilgeous-Alexander,2024/2025,35859950.0,2024-25
37,Donovan Mitchell,2024/2025,35410310.0,2024-25
37,Deandre Ayton,2024/2025,34005126.0,2024-25
42,Jayson Tatum,2024/2025,34848340.0,2024-25
42,Bam Adebayo,2024/2025,34848340.0,2024-25
42,De'Aaron Fox,2024/2025,34848340.0,2024-25
47,Jaren Jackson Jr,2024/2025,25257798.0,2024-25
48,Chris Paul,2024/2025,30800000.0,2024-25
50,Jalen Brunson,2024/2025,24960001.0,2024-25
52,Al Horford,2024/2025,9500000.0,2024-25
54,Julius Randle,2024/2025,27561600.0,2024-25
55,John Collins,2024/2025,26580000.0,2024-25
57,Malcolm Brogdon,2024/2025,22500000.0,2024-25
58,Anfernee Simons,2024/2025,25892857.0,2024-25
60,Terry Rozier,2024/2025,24924126.0,2024-25
65,Mikal Bridges,2024/2025,23300000.0,2024-25
66,Jarrett Allen,2024/2025,20000000.0,2024-25
68,Aaron Gordon,2024/2025,22841455.0,2024-25
69,Tim Hardaway Jr,2024/2025,16193183.0,2024-25
71,Bojan Bogdanovic,2024/2025,19032850.0,2024-25
72,Lonzo Ball,2024/2025,21395348.0,2024-25
78,Clint Capela,2024/2025,22265280.0,2024-25
79,Evan Fournier,2024/2025,19000000.0,2024-25
79,Bogdan Bogdanovic,2024/2025,17260000.0,2024-25
81,Steven Adams,2024/2025,12600000.0,2024-25
82,Jonathan Isaac,2024/2025,17400000.0,2024-25
83,OG Anunoby,2024/2025,19928571.0,2024-25
85,Marcus Smart,2024/2025,19960285.0,2024-25
86,Derrick White,2024/2025,19571429.0,2024-25
88,Mitchell Robinson,2024/2025,14318182.0,2024-25
89,Duncan Robinson,2024/2025,19406000.0,2024-25
90,Norman Powell,2024/2025,19241379.0,2024-25
91,Collin Sexton,2024/2025,18150000.0,2024-25
93,Lauri Markkanen,2024/2025,18044544.0,2024-25
95,Davis Bertans,2024/2025,16000000.0,2024-25
96,Jusuf Nurkic,2024/2025,18125000.0,2024-25
98,Luguentz Dort,2024/2025,16500000.0,2024-25
103,Kevin Huerter,2024/2025,16830357.0,2024-25
105,Wendell Carter,2024/2025,11950000.0,2024-25
106,Kentavious Caldwell-Pope,2024/2025,15440185.0,2024-25
110,Luke Kennard,2024/2025,14763636.0,2024-25
111,Zion Williamson,2024/2025,36180000.0,2024-25
116,Dorian Finney-Smith,2024/2025,14924167.0,2024-25
118,Chris Boucher,2024/2025,10810000.0,2024-25
120,Marvin Bagley,2024/2025,12500000.0,2024-25
123,Ja Morant,2024/2025,36180000.0,2024-25
125,Devonte Graham,2024/2025,12650000.0,2024-25
129,Richaun Holmes,2024/2025,12876780.0,2024-25
131,Paolo Banchero,2024/2025,12160800.0,2024-25
132,RJ Barrett,2024/2025,25794643.0,2024-25
133,Bobby Portis,2024/2025,12578286.0,2024-25
135,Anthony Edwards,2024/2025,17595263.0,2024-25
136,Robert Williams,2024/2025,12428571.0,2024-25
137,Cade Cunningham,2024/2025,13940809.0,2024-25
138,PJ Tucker,2024/2025,11539000.0,2024-25
143,Ivica Zubac,2024/2025,11743210.0,2024-25
146,Chet Holmgren,2024/2025,10880640.0,2024-25
147,De'Andre Hunter,2024/2025,21696429.0,2024-25
148,Larry Nance Jr,2024/2025,11205000.0,2024-25
149,James Wiseman,2024/2025,15815870.0,2024-25
150,Landry Shamet,2024/2025,11000000.0,2024-25
152,Jalen Green,2024/2025,12483048.0,2024-25
160,Alex Caruso,2024/2025,9890000.0,2024-25
161,Maxi Kleber,2024/2025,11000000.0,2024-25
163,Darius Garland,2024/2025,36180000.0,2024-25
164,Jabari Smith,2024/2025,9770880.0,2024-25
168,Daniel Theis,2024/2025,9522404.0,2024-25
169,LaMelo Ball,2024/2025,14301633.0,2024-25
171,Evan Mobley,2024/2025,11227657.0,2024-25
172,Gary Payton II,2024/2025,9130000.0,2024-25
173,Dewayne Dedmon,2024/2025,2748674.0,2024-25
176,TJ McConnell,2024/2025,9300000.0,2024-25
177,Keegan Murray,2024/2025,8809560.0,2024-25
178,Kevon Looney,2024/2025,9000000.0,2024-25
181,Patrick Williams,2024/2025,12973527.0,2024-25
182,Scottie Barnes,2024/2025,10130980.0,2024-25
187,Jaden Ivey,2024/2025,7977240.0,2024-25
188,Jae'Sean Tate,2024/2025,7065217.0,2024-25
189,Isaac Okoro,2024/2025,11828974.0,2024-25
190,Cody Martin,2024/2025,8120000.0,2024-25
191,Jalen Suggs,2024/2025,9188385.0,2024-25
194,Bennedict Mathurin,2024/2025,7245720.0,2024-25
195,Caleb Martin,2024/2025,7126900.0,2024-25
200,Onyeka Okongwu,2024/2025,10817490.0,2024-25
201,Josh Giddey,2024/2025,8352367.0,2024-25
205,Shaedon Sharpe,2024/2025,6614160.0,2024-25
211,Ricky Rubio,2024/2025,6439025.0,2024-25
212,Killian Hayes,2024/2025,9942114.0,2024-25
214,Jonathan Kuminga,2024/2025,7636307.0,2024-25
215,Pat Connaughton,2024/2025,9423869.0,2024-25
216,Tyler Herro,2024/2025,29000000.0,2024-25
218,Dyson Daniels,2024/2025,6059520.0,2024-25
219,JaVale McGee,2024/2025,6007341.0,2024-25
221,Obi Toppin,2024/2025,9170460.0,2024-25
222,Franz Wagner,2024/2025,7007092.0,2024-25
228,Jeremy Sochan,2024/2025,5570040.0,2024-25
232,Deni Avdija,2024/2025,8486619.0,2024-25
233,Davion Mitchell,2024/2025,6451077.0,2024-25
234,Johnny Davis,2024/2025,5291160.0,2024-25
237,Jalen Smith,2024/2025,5417386.0,2024-25
238,Ziaire Williams,2024/2025,6133005.0,2024-25
239,Ousmane Dieng,2024/2025,5027040.0,2024-25
243,Devin Vassell,2024/2025,8060534.0,2024-25
246,James Bouknight,2024/2025,6064496.0,2024-25
247,Brandon Clarke,2024/2025,12500000.0,2024-25
248,Jalen Williams,2024/2025,4775760.0,2024-25
251,Tyrese Haliburton,2024/2025,7992406.0,2024-25
252,Nassir Little,2024/2025,6750000.0,2024-25
254,Jalen Duren,2024/2025,4536840.0,2024-25
261,Kira Lewis,2024/2025,7913686.0,2024-25
264,Chris Duarte,2024/2025,5893768.0,2024-25
266,Ochai Agbaji,2024/2025,4310280.0,2024-25
267,Jordan Poole,2024/2025,30151786.0,2024-25
268,Keldon Johnson,2024/2025,19000000.0,2024-25
271,Aaron Nesmith,2024/2025,7837251.0,2024-25
272,Moses Moody,2024/2025,5803269.0,2024-25
273,Mark Williams,2024/2025,4094280.0,2024-25
274,Cole Anthony,2024/2025,7744600.0,2024-25
275,Corey Kispert,2024/2025,5705887.0,2024-25
276,AJ Griffin,2024/2025,3889920.0,2024-25
280,Isaiah Stewart,2024/2025,7399731.0,2024-25
280,Chuma Okeke,2024/2025,7399731.0,2024-25
283,Amir Coffey,2024/2025,3938271.0,2024-25
284,Alperen Sengun,2024/2025,5424654.0,2024-25
285,Tari Eason,2024/2025,3695160.0,2024-25
286,Aleksej Pokusevski,2024/2025,7073602.0,2024-25
287,Kevin Porter,2024/2025,15860000.0,2024-25
288,Trey Murphy,2024/2025,5159854.0,2024-25
292,Dalen Terry,2024/2025,3510480.0,2024-25
294,Josh Green,2024/2025,6762016.0,2024-25
295,Jake LaRavia,2024/2025,3352680.0,2024-25
296,Tre Mann,2024/2025,4908373.0,2024-25
298,Saddiq Bey,2024/2025,6498258.0,2024-25
299,Malaki Branham,2024/2025,3217920.0,2024-25
301,Kai Jones,2024/2025,4693735.0,2024-25
314,Precious Achiuwa,2024/2025,6275861.0,2024-25
315,Christian Braun,2024/2025,3089640.0,2024-25
317,Jalen Johnson,2024/2025,4510905.0,2024-25
318,Tyrese Maxey,2024/2025,6259588.0,2024-25
319,Bruno Fernando,2024/2025,2717391.0,2024-25
320,Walker Kessler,2024/2025,2965920.0,2024-25
321,Keon Johnson,2024/2025,4474291.0,2024-25
322,Charles Bassey,2024/2025,2500000.0,2024-25
327,Zeke Nnaji,2024/2025,6235495.0,2024-25
328,David Roddy,2024/2025,2847240.0,2024-25
329,Isaiah Jackson,2024/2025,4435380.0,2024-25
330,MarJon Beauchamp,2024/2025,2733720.0,2024-25
331,Usman Garuba,2024/2025,4392515.0,2024-25
337,Blake Wesley,2024/2025,2624280.0,2024-25
338,Josh Christopher,2024/2025,4346615.0,2024-25
341,Immanuel Quickley,2024/2025,6128004.0,2024-25
342,Wendell Moore,2024/2025,2537040.0,2024-25
343,John Konchar,2024/2025,6165000.0,2024-25
348,Quentin Grimes,2024/2025,4296682.0,2024-25
350,Andrew Nembhard,2024/2025,2019699.0,2024-25
351,Nikola Jovic,2024/2025,2464200.0,2024-25
352,Payton Pritchard,2024/2025,5959021.0,2024-25
353,Vlatko Cancar,2024/2025,2346606.0,2024-25
354,Patrick Baldwin,2024/2025,2448840.0,2024-25
355,TyTy Washington,2024/2025,2431080.0,2024-25
356,Bones Hyland,2024/2025,4158439.0,2024-25
358,Peyton Watson,2024/2025,2413560.0,2024-25
361,Jaden McDaniels,2024/2025,5813084.0,2024-25
363,Malachi Flynn,2024/2025,5809537.0,2024-25
364,Cam Thomas,2024/2025,4041249.0,2024-25
369,Desmond Bane,2024/2025,5767625.0,2024-25
370,Jaden Springer,2024/2025,4018363.0,2024-25
371,Day'Ron Sharpe,2024/2025,3989122.0,2024-25
372,Santiago Aldama,2024/2025,3960531.0,2024-25
375,Kenrich Williams,2024/2025,6669000.0,2024-25
375,Garrison Mathews,2024/2025,2230253.0,2024-25
375,Jaylin Williams,2024/2025,2019699.0,2024-25
375,Caleb Houstan,2024/2025,2019699.0,2024-25
375,Jeremiah Robinson-Earl,2024/2025,1988598.0,2024-25
389,Daniel Gafford,2024/2025,13394160.0,2024-25
389,Terance Mann,2024/2025,11423077.0,2024-25
389,Dean Wade,2024/2025,6166667.0,2024-25
405,Isaiah Joe,2024/2025,2164993.0,2024-25
414,Nick Richards,2024/2025,5000000.0,2024-25
427,Jericho Sims,2024/2025,2092344.0,2024-25
428,Sam Hauser,2024/2025,2092344.0,2024-25
430,Isaiah Todd,2024/2025,1988598.0,2024-25
431,Vit Krejci,2024/2025,1988598.0,2024-25
431,JT Thor,2024/2025,1988598.0,2024-25
431,Aaron Wiggins,2024/2025,1988598.0,2024-25
431,Trendon Watford,2024/2025,1988598.0,2024-25
431,Daishen Nix,2024/2025,1988598.0,2024-25
431,Jose Alvarado,2024/2025,1988598.0,2024-25
447,Kenneth Lofton,2024/2025,2019699.0,2024-25
448,Christian Koloko,2024/2025,2019699.0,2024-25
449,Bryce McGowens,2024/2025,2019699.0,2024-25
450,Eric Bledsoe,2024/2025,1300000.0,2024-25
451,Jordan Goodwin,2024/2025,2092344.0,2024-25
452,Kennedy Chandler,2024/2025,2019699.0,2024-25
455,Sam Merrill,2024/2025,2164993.0,2024-25
457,Jaden Hardy,2024/2025,2019699.0,2024-25
457,Ryan Rollins,2024/2025,2019699.0,2024-25
457,Josh Minott,2024/2025,2019699.0,2024-25
457,Jabari Walker,2024/2025,2019699.0,2024-25
476,Nik Stauskas,2024/2025,702311.0,2024-25
481,Carlik Jones,2024/2025,2092344.0,2024-25
482,Juwan Morgan,2024/2025,576230.0,2024-25
483,Malik Fitts,2024/2025,555217.0,2024-25
527,Didi Louzada,2024/2025,268032.0,2024-25
544,Xavier Cooks,2024/2025,2019699.0,2024-25
